product_name,1月销量,2月销量,3月销量,4月销量,5月销量,6月销量,7月销量,8月销量,9月销量,10月销量,11月销量,12月销量
抽纸,20,25,40,30,13,24,17,19,32,25,35,50
卷纸,15,18,30,22,10,20,14,16,28,20,30,45
湿巾,12,15,25,18,8,16,12,14,24,18,25,40
垃圾袋,10,12,20,15,6,14,10,12,20,15,22,35
保鲜膜,8,10,15,12,5,12,8,10,18,12,20,30
保鲜袋,6,8,12,10,4,10,6,8,15,10,18,25
洗碗布,5,6,10,8,3,8,5,6,12,8,15,20
抹布,4,5,8,6,2,6,4,5,10,6,12,18
钢丝球,3,4,6,5,2,5,3,4,8,5,10,15
洗洁精,12,15,25,20,8,18,12,15,22,18,25,40
洗衣液,18,20,35,25,10,22,15,18,30,22,32,50
洗衣粉,15,18,30,22,8,20,14,16,28,20,30,45
柔顺剂,10,12,20,15,6,15,10,12,22,15,25,35
洗手液,8,10,15,12,5,12,8,10,18,12,20,30
香皂,6,8,12,10,4,10,6,8,15,10,18,25
肥皂,5,6,10,8,3,8,5,6,12,8,15,20
沐浴露,15,18,30,22,8,20,14,16,28,20,30,45
洗发水,20,25,40,30,10,25,18,20,35,25,40,60
护发素,12,15,25,18,6,18,12,15,22,18,25,35
牙膏,10,12,20,15,5,15,10,12,20,15,22,30
牙刷,8,10,15,12,4,12,8,10,18,12,20,25
牙杯,6,8,12,10,3,10,6,8,15,10,18,20
毛巾,12,15,25,18,6,18,12,15,22,18,25,35
浴巾,10,12,20,15,5,15,10,12,20,15,22,30
地垫,8,10,15,12,4,12,8,10,18,12,20,25
拖鞋,15,18,30,22,8,20,14,16,28,20,30,45
衣架,12,15,25,18,6,18,12,15,22,18,25,35
晾衣架,10,12,20,15,5,15,10,12,20,15,22,30
收纳盒,8,10,15,12,4,12,8,10,18,12,20,25
储物箱,6,8,12,10,3,10,6,8,15,10,18,20
鞋架,5,6,10,8,2,8,5,6,12,8,15,18
衣柜,3,4,6,5,1,5,3,4,8,5,10,15
床单,12,15,25,18,6,18,12,15,22,18,25,35
被套,10,12,20,15,5,15,10,12,20,15,22,30
枕套,8,10,15,12,4,12,8,10,18,12,20,25
枕头,6,8,12,10,3,10,6,8,15,10,18,20
毛毯,5,6,10,8,2,8,5,6,12,8,15,18
蚊帐,4,5,8,6,2,6,4,5,10,6,12,15
窗帘,3,4,6,5,1,5,3,4,8,5,10,12
桌布,2,3,5,4,1,4,2,3,6,4,8,10
餐垫,1,2,3,2,1,2,1,2,4,2,5,8
靠垫,3,4,6,5,1,5,3,4,8,5,10,12
抱枕,2,3,5,4,1,4,2,3,6,4,8,10
沙发套,1,2,3,2,1,2,1,2,4,2,5,8
地毯,3,4,6,5,1,5,3,4,8,5,10,12
墙纸,2,3,5,4,1,4,2,3,6,4,8,10
相框,1,2,3,2,1,2,1,2,4,2,5,8
花瓶,3,4,6,5,1,5,3,4,8,5,10,12
装饰画,2,3,5,4,1,4,2,3,6,4,8,10
绿植,1,2,3,2,1,2,1,2,4,2,5,8
花盆,3,4,6,5,1,5,3,4,8,5,10,12
水壶,2,3,5,4,1,4,2,3,6,4,8,10
水杯,1,2,3,2,1,2,1,2,4,2,5,8
保温杯,3,4,6,5,1,5,3,4,8,5,10,12
玻璃杯,2,3,5,4,1,4,2,3,6,4,8,10
碗,1,2,3,2,1,2,1,2,4,2,5,8
盘子,3,4,6,5,1,5,3,4,8,5,10,12
筷子,2,3,5,4,1,4,2,3,6,4,8,10
勺子,1,2,3,2,1,2,1,2,4,2,5,8
叉子,3,4,6,5,1,5,3,4,8,5,10,12
锅铲,2,3,5,4,1,4,2,3,6,4,8,10
汤勺,1,2,3,2,1,2,1,2,4,2,5,8
菜刀,3,4,6,5,1,5,3,4,8,5,10,12
砧板,2,3,5,4,1,4,2,3,6,4,8,10
锅,1,2,3,2,1,2,1,2,4,2,5,8
炒锅,3,4,6,5,1,5,3,4,8,5,10,12
平底锅,2,3,5,4,1,4,2,3,6,4,8,10
电饭煲,1,2,3,2,1,2,1,2,4,2,5,8
微波炉,3,4,6,5,1,5,3,4,8,5,10,12
烤箱,2,3,5,4,1,4,2,3,6,4,8,10
电磁炉,1,2,3,2,1,2,1,2,4,2,5,8
电水壶,3,4,6,5,1,5,3,4,8,5,10,12
榨汁机,2,3,5,4,1,4,2,3,6,4,8,10
豆浆机,1,2,3,2,1,2,1,2,4,2,5,8
料理机,3,4,6,5,1,5,3,4,8,5,10,12
咖啡机,2,3,5,4,1,4,2,3,6,4,8,10
面包机,1,2,3,2,1,2,1,2,4,2,5,8
电饼铛,3,4,6,5,1,5,3,4,8,5,10,12
空气炸锅,2,3,5,4,1,4,2,3,6,4,8,10
电压力锅,1,2,3,2,1,2,1,2,4,2,5,8
电炖锅,3,4,6,5,1,5,3,4,8,5,10,12
电蒸锅,2,3,5,4,1,4,2,3,6,4,8,10
电暖器,1,2,3,2,1,2,1,2,4,2,5,8
电风扇,3,4,6,5,1,5,3,4,8,5,10,12
空调扇,2,3,5,4,1,4,2,3,6,4,8,10
加湿器,1,2,3,2,1,2,1,2,4,2,5,8
除湿机,3,4,6,5,1,5,3,4,8,5,10,12
空气净化器,2,3,5,4,1,4,2,3,6,4,8,10
吸尘器,1,2,3,2,1,2,1,2,4,2,5,8
扫地机器人,3,4,6,5,1,5,3,4,8,5,10,12
拖把,2,3,5,4,1,4,2,3,6,4,8,10
扫把,1,2,3,2,1,2,1,2,4,2,5,8
簸箕,3,4,6,5,1,5,3,4,8,5,10,12
垃圾桶,2,3,5,4,1,4,2,3,6,4,8,10
马桶刷,1,2,3,2,1,2,1,2,4,2,5,8
洁厕剂,3,4,6,5,1,5,3,4,8,5,10,12
洗衣篮,2,3,5,4,1,4,2,3,6,4,8,10
脏衣篓,1,2,3,2,1,2,1,2,4,2,5,8
晾衣绳,3,4,6,5,1,5,3,4,8,5,10,12
晾衣夹,2,3,5,4,1,4,2,3,6,4,8,10
瑜伽垫,10,15,30,36,40,55,60,76,32,22,15,30
跑步机,5,8,12,15,20,25,30,35,18,10,7,12
健身哑铃套装,20,25,40,45,50,65,70,85,45,30,25,40
运动水壶,50,55,70,75,80,95,100,115,65,50,45,60
篮球,15,20,35,40,45,60,65,80,40,25,20,35
足球,12,18,32,38,42,57,62,78,35,20,18,32
羽毛球拍,25,30,45,50,55,70,75,90,50,35,30,45
乒乓球拍套装,18,23,38,43,48,63,68,83,43,28,23,38
跳绳,30,35,50,55,60,75,80,95,55,40,35,50
运动护膝,8,13,28,33,38,53,58,73,33,18,13,28
健身手套,22,27,42,47,52,67,72,87,47,32,27,42
运动腰包,40,45,60,65,70,85,90,105,65,50,45,60
运动发带,15,20,35,40,45,60,65,80,40,25,20,35
运动袜,60,65,80,85,90,105,110,125,85,70,65,80
跑步鞋,35,40,55,60,65,80,85,100,60,45,40,55
篮球鞋,28,33,48,53,58,73,78,93,53,38,33,48
足球鞋,25,30,45,50,55,70,75,90,50,35,30,45
网球鞋,20,25,40,45,50,65,70,85,45,30,25,40
健身服套装,45,50,65,70,75,90,95,110,70,55,50,65
运动紧身衣,30,35,50,55,60,75,80,95,55,40,35,50
运动短裤,40,45,60,65,70,85,90,105,65,50,45,60
运动T恤,70,75,90,95,100,115,120,135,95,80,75,90
运动外套,25,30,45,50,55,70,75,90,50,35,30,45
健身腰带,12,17,32,37,42,57,62,77,37,22,17,32
运动毛巾,55,60,75,80,85,100,105,120,80,65,60,75
运动背包,38,43,58,63,68,83,88,103,63,48,43,58
健身垫,22,27,42,47,52,67,72,87,47,32,27,42
泡沫轴,15,20,35,40,45,60,65,80,40,25,20,35
引体向上杆,8,13,28,33,38,53,58,73,33,18,13,28
俯卧撑支架,10,15,30,35,40,55,60,75,35,20,15,30
健腹轮,18,23,38,43,48,63,68,83,43,28,23,38
壶铃,25,30,45,50,55,70,75,90,50,35,30,45
杠铃杆,12,17,32,37,42,57,62,77,37,22,17,32
杠铃片,20,25,40,45,50,65,70,85,45,30,25,40
卧推架,5,10,25,30,35,50,55,70,30,15,10,25
深蹲架,7,12,27,32,37,52,57,72,32,17,12,27
健身凳,15,20,35,40,45,60,65,80,40,25,20,35
弹力带套装,30,35,50,55,60,75,80,95,55,40,35,50
战绳,10,15,30,35,40,55,60,75,35,20,15,30
沙袋,8,13,28,33,38,53,58,73,33,18,13,28
拳击手套,22,27,42,47,52,67,72,87,47,32,27,42
拳击沙袋,15,20,35,40,45,60,65,80,40,25,20,35
拳击绷带,40,45,60,65,70,85,90,105,65,50,45,60
护齿套,5,10,25,30,35,50,55,70,30,15,10,25
拳击靶,12,17,32,37,42,57,62,77,37,22,17,32
网球拍,25,30,45,50,55,70,75,90,50,35,30,45
网球,50,55,70,75,80,95,100,115,65,50,45,60
网球包,18,23,38,43,48,63,68,83,43,28,23,38
高尔夫球杆套装,10,15,30,35,40,55,60,75,35,20,15,30
高尔夫球,30,35,50,55,60,75,80,95,55,40,35,50
高尔夫手套,15,20,35,40,45,60,65,80,40,25,20,35
高尔夫球包,8,13,28,33,38,53,58,73,33,18,13,28
棒球手套,22,27,42,47,52,67,72,87,47,32,27,42
棒球棒,12,17,32,37,42,57,62,77,37,22,17,32
棒球,25,30,45,50,55,70,75,90,50,35,30,45
排球,18,23,38,43,48,63,68,83,43,28,23,38
排球护膝,10,15,30,35,40,55,60,75,35,20,15,30
橄榄球,5,10,25,30,35,50,55,70,30,15,10,25
橄榄球头盔,8,13,28,33,38,53,58,73,33,18,13,28
橄榄球护肩,12,17,32,37,42,57,62,77,37,22,17,32
滑板,25,30,45,50,55,70,75,90,50,35,30,45
滑板护具套装,18,23,38,43,48,63,68,83,43,28,23,38
轮滑鞋,30,35,50,55,60,75,80,95,55,40,35,50
轮滑护具,15,20,35,40,45,60,65,80,40,25,20,35
滑雪板,10,15,30,35,40,55,60,75,35,20,15,30
滑雪杖,8,13,28,33,38,53,58,73,33,18,13,28
滑雪镜,22,27,42,47,52,67,72,87,47,32,27,42
滑雪手套,15,20,35,40,45,60,65,80,40,25,20,35
滑雪服,25,30,45,50,55,70,75,90,50,35,30,45
滑雪头盔,12,17,32,37,42,57,62,77,37,22,17,32
游泳镜,50,55,70,75,80,95,100,115,65,50,45,60
游泳帽,30,35,50,55,60,75,80,95,55,40,35,50
游泳耳塞,15,20,35,40,45,60,65,80,40,25,20,35
游泳鼻夹,10,15,30,35,40,55,60,75,35,20,15,30
游泳浮板,18,23,38,43,48,63,68,83,43,28,23,38
游泳脚蹼,12,17,32,37,42,57,62,77,37,22,17,32
游泳划手掌,25,30,45,50,55,70,75,90,50,35,30,45
泳衣,60,65,80,85,90,105,110,125,85,70,65,80
泳裤,45,50,65,70,75,90,95,110,70,55,50,65
潜水镜,22,27,42,47,52,67,72,87,47,32,27,42
潜水呼吸管,15,20,35,40,45,60,65,80,40,25,20,35
潜水脚蹼,18,23,38,43,48,63,68,83,43,28,23,38
潜水服,10,15,30,35,40,55,60,75,35,20,15,30
登山杖,25,30,45,50,55,70,75,90,50,35,30,45
登山包,30,35,50,55,60,75,80,95,55,40,35,50
登山鞋,35,40,55,60,65,80,85,100,60,45,40,55
冲锋衣,28,33,48,53,58,73,78,93,53,38,33,48
速干衣,40,45,60,65,70,85,90,105,65,50,45,60
露营帐篷,15,20,35,40,45,60,65,80,40,25,20,35
睡袋,22,27,42,47,52,67,72,87,47,32,27,42
防潮垫,18,23,38,43,48,63,68,83,43,28,23,38
户外头灯,10,15,30,35,40,55,60,75,35,20,15,30
指南针,5,10,25,30,35,50,55,70,30,15,10,25
户外水壶,30,35,50,55,60,75,80,95,55,40,35,50
折叠椅,20,25,40,45,50,65,70,85,45,30,25,40
折叠桌,15,20,35,40,45,60,65,80,40,25,20,35
烧烤架,12,17,32,37,42,57,62,77,37,22,17,32
钓鱼竿,25,30,45,50,55,70,75,90,50,35,30,45
钓鱼线轮,18,23,38,43,48,63,68,83,43,28,23,38
钓鱼箱,10,15,30,35,40,55,60,75,35,20,15,30
鱼饵盒,8,13,28,33,38,53,58,73,33,18,13,28
钓鱼椅,12,17,32,37,42,57,62,77,37,22,17,32
钓鱼伞,15,20,35,40,45,60,65,80,40,25,20,35
自行车,50,55,70,75,80,95,100,115,65,50,45,60
自行车头盔,30,35,50,55,60,75,80,95,55,40,35,50
自行车手套,22,27,42,47,52,67,72,87,47,32,27,42
自行车水壶架,18,23,38,43,48,63,68,83,43,28,23,38
自行车码表,10,15,30,35,40,55,60,75,35,20,15,30
自行车锁,25,30,45,50,55,70,75,90,50,35,30,45
自行车灯,15,20,35,40,45,60,65,80,40,25,20,35
自行车维修工具,12,17,32,37,42,57,62,77,37,22,17,32
动感单车,8,13,28,33,38,53,58,73,33,18,13,28
椭圆机,10,15,30,35,40,55,60,75,35,20,15,30
划船机,5,10,25,30,35,50,55,70,30,15,10,25
登山机,7,12,27,32,37,52,57,72,32,17,12,27
仰卧板,15,20,35,40,45,60,65,80,40,25,20,35
引体向上辅助带,10,15,30,35,40,55,60,75,35,20,15,30
手腕护具,18,23,38,43,48,63,68,83,43,28,23,38
脚踝护具,12,17,32,37,42,57,62,77,37,22,17,32
运动按摩枪,25,30,45,50,55,70,75,90,50,35,30,45
体脂秤,30,35,50,55,60,75,80,95,55,40,35,50
运动手环,60,65,80,85,90,105,110,125,85,70,65,80
运动手表,45,50,65,70,75,90,95,110,70,55,50,65
心率带,22,27,42,47,52,67,72,87,47,32,27,42
运动耳机,55,60,75,80,85,100,105,120,80,65,60,75
运动相机,38,43,58,63,68,83,88,103,63,48,43,58
运动补剂,70,75,90,95,100,115,120,135,95,80,75,90
蛋白粉,50,55,70,75,80,95,100,115,65,50,45,60
能量棒,40,45,60,65,70,85,90,105,65,50,45,60
运动饮料,80,85,100,105,110,125,130,145,105,90,85,100
瑜伽砖,15,20,35,40,45,60,65,80,40,25,20,35
瑜伽球,25,30,45,50,55,70,75,90,50,35,30,45
瑜伽拉力带,12,17,32,37,42,57,62,77,37,22,17,32
瑜伽铺巾,10,15,30,35,40,55,60,75,35,20,15,30
普拉提圈,8,13,28,33,38,53,58,73,33,18,13,28
平衡垫,18,23,38,43,48,63,68,83,43,28,23,38
健身操踏板,12,17,32,37,42,57,62,77,37,22,17,32
拳击速度球,15,20,35,40,45,60,65,80,40,25,20,35
拳击梨球,10,15,30,35,40,55,60,75,35,20,15,30
拳击反应球,8,13,28,33,38,53,58,73,33,18,13,28
棒球打击网,5,10,25,30,35,50,55,70,30,15,10,25
棒球投球机,7,12,27,32,37,52,57,72,32,17,12,27
足球训练桩,15,20,35,40,45,60,65,80,40,25,20,35
足球训练梯,10,15,30,35,40,55,60,75,35,20,15,30
足球门网,8,13,28,33,38,53,58,73,33,18,13,28
篮球架,25,30,45,50,55,70,75,90,50,35,30,45
篮球网,18,23,38,43,48,63,68,83,43,28,23,38
篮球训练服,12,17,32,37,42,57,62,77,37,22,17,32
网球训练器,15,20,35,40,45,60,65,80,40,25,20,35
网球发球机,10,15,30,35,40,55,60,75,35,20,15,30
羽毛球网架,8,13,28,33,38,53,58,73,33,18,13,28
羽毛球网,12,17,32,37,42,57,62,77,37,22,17,32
羽毛球训练器,15,20,35,40,45,60,65,80,40,25,20,35
乒乓球台,25,30,45,50,55,70,75,90,50,35,30,45
乒乓球网架,18,23,38,43,48,63,68,83,43,28,23,38
乒乓球发球机,10,15,30,35,40,55,60,75,35,20,15,30
高尔夫练习网,8,13,28,33,38,53,58,73,33,18,13,28
高尔夫推杆练习器,12,17,32,37,42,57,62,77,37,22,17,32
高尔夫测距仪,15,20,35,40,45,60,65,80,40,25,20,35
高尔夫球车,5,10,25,30,35,50,55,70,30,15,10,25
棒球本垒板,7,12,27,32,37,52,57,72,32,17,12,27
棒球垒包套装,15,20,35,40,45,60,65,80,40,25,20,35
棒球裁判装备,10,15,30,35,40,55,60,75,35,20,15,30
橄榄球训练服,8,13,28,33,38,53,58,73,33,18,13,28
橄榄球训练锥,12,17,32,37,42,57,62,77,37,22,17,32
滑板轴承,25,30,45,50,55,70,75,90,50,35,30,45
滑板轮子,18,23,38,43,48,63,68,83,43,28,23,38
滑板砂纸,10,15,30,35,40,55,60,75,35,20,15,30
滑板工具,8,13,28,33,38,53,58,73,33,18,13,28
轮滑轴承,12,17,32,37,42,57,62,77,37,22,17,32
轮滑轮子,15,20,35,40,45,60,65,80,40,25,20,35
滑雪板蜡,10,15,30,35,40,55,60,75,35,20,15,30
滑雪板固定器,8,13,28,33,38,53,58,73,33,18,13,28
滑雪板包,12,17,32,37,42,57,62,77,37,22,17,32
滑雪护臀垫,15,20,35,40,45,60,65,80,40,25,20,35
游泳训练浮标,10,15,30,35,40,55,60,75,35,20,15,30
游泳训练划水桨,8,13,28,33,38,53,58,73,33,18,13,28
游泳心率监测器,12,17,32,37,42,57,62,77,37,22,17,32
潜水电脑表,15,20,35,40,45,60,65,80,40,25,20,35
潜水配重带,10,15,30,35,40,55,60,75,35,20,15,30
登山扣,25,30,45,50,55,70,75,90,50,35,30,45
登山绳索,18,23,38,43,48,63,68,83,43,28,23,38
登山安全带,12,17,32,37,42,57,62,77,37,22,17,32
登山快挂,15,20,35,40,45,60,65,80,40,25,20,35
露营灯,10,15,30,35,40,55,60,75,35,20,15,30
露营炊具,8,13,28,33,38,53,58,73,33,18,13,28
露营折叠床,12,17,32,37,42,57,62,77,37,22,17,32
钓鱼抄网,15,20,35,40,45,60,65,80,40,25,20,35
钓鱼浮漂,10,15,30,35,40,55,60,75,35,20,15,30
钓鱼铅坠,8,13,28,33,38,53,58,73,33,18,13,28
自行车驮包,12,17,32,37,42,57,62,77,37,22,17,32
自行车打气筒,15,20,35,40,45,60,65,80,40,25,20,35
自行车挡泥板,10,15,30,35,40,55,60,75,35,20,15,30
自行车货架,8,13,28,33,38,53,58,73,33,18,13,28
自行车铃铛,12,17,32,37,42,57,62,77,37,22,17,32
自行车反光片,15,20,35,40,45,60,65,80,40,25,20,35
动感单车垫,10,15,30,35,40,55,60,75,35,20,15,30
椭圆机垫,8,13,28,33,38,53,58,73,33,18,13,28
划船机垫,12,17,32,37,42,57,62,77,37,22,17,32
登山机垫,15,20,35,40,45,60,65,80,40,25,20,35
仰卧板垫,10,15,30,35,40,55,60,75,35,20,15,30
引体向上门框杆,8,13,28,33,38,53,58,73,33,18,13,28
手腕力量训练器,12,17,32,37,42,57,62,77,37,22,17,32
脚踝力量训练带,15,20,35,40,45,60,65,80,40,25,20,35
运动按摩滚轮,10,15,30,35,40,55,60,75,35,20,15,30
体脂测量仪,8,13,28,33,38,53,58,73,33,18,13,28
运动手环充电器,12,17,32,37,42,57,62,77,37,22,17,32
运动手表表带,15,20,35,40,45,60,65,80,40,25,20,35
心率带胸带,10,15,30,35,40,55,60,75,35,20,15,30
运动耳机保护套,8,13,28,33,38,53,58,73,33,18,13,28
运动相机支架,12,17,32,37,42,57,62,77,37,22,17,32
运动补剂摇摇杯,15,20,35,40,45,60,65,80,40,25,20,35
蛋白粉勺,10,15,30,35,40,55,60,75,35,20,15,30
能量胶,8,13,28,33,38,53,58,73,33,18,13,28
运动盐丸,12,17,32,37,42,57,62,77,37,22,17,32
瑜伽伸展带,15,20,35,40,45,60,65,80,40,25,20,35
瑜伽冥想垫,10,15,30,35,40,55,60,75,35,20,15,30
瑜伽倒立架,8,13,28,33,38,53,58,73,33,18,13,28
普拉提弹力绳,12,17,32,37,42,57,62,77,37,22,17,32
平衡板,15,20,35,40,45,60,65,80,40,25,20,35
健身操哑铃,10,15,30,35,40,55,60,75,35,20,15,30
拳击沙袋架,8,13,28,33,38,53,58,73,33,18,13,28
拳击擂台,12,17,32,37,42,57,62,77,37,22,17,32
棒球打击手套,15,20,35,40,45,60,65,80,40,25,20,35
棒球护具套装,10,15,30,35,40,55,60,75,35,20,15,30
足球守门员手套,8,13,28,33,38,53,58,73,33,18,13,28
足球训练背心,12,17,32,37,42,57,62,77,37,22,17,32
篮球训练背心,15,20,35,40,45,60,65,80,40,25,20,35
篮球护指套,10,15,30,35,40,55,60,75,35,20,15,30
网球减震器,8,13,28,33,38,53,58,73,33,18,13,28
网球护腕,12,17,32,37,42,57,62,77,37,22,17,32
羽毛球手胶,15,20,35,40,45,60,65,80,40,25,20,35
羽毛球护腕,10,15,30,35,40,55,60,75,35,20,15,30
乒乓球拍胶皮,8,13,28,33,38,53,58,73,33,18,13,28
乒乓球拍清洁剂,12,17,32,37,42,57,62,77,37,22,17,32
高尔夫球TEE,15,20,35,40,45,60,65,80,40,25,20,35
高尔夫球标记,10,15,30,35,40,55,60,75,35,20,15,30
高尔夫球杆套,8,13,28,33,38,53,58,73,33,18,13,28
棒球打击头盔,12,17,32,37,42,57,62,77,37,22,17,32
棒球捕手护具,15,20,35,40,45,60,65,80,40,25,20,35
橄榄球训练球,10,15,30,35,40,55,60,75,35,20,15,30
橄榄球护齿,8,13,28,33,38,53,58,73,33,18,13,28
滑板桥,12,17,32,37,42,57,62,77,37,22,17,32
滑板工具套装,15,20,35,40,45,60,65,80,40,25,20,35
轮滑刹车器,10,15,30,35,40,55,60,75,35,20,15,30
滑雪护脸,8,13,28,33,38,53,58,73,33,18,13,28
滑雪护甲,12,17,32,37,42,57,62,77,37,22,17,32
游泳呼吸管咬嘴,15,20,35,40,45,60,65,80,40,25,20,35
游泳鼻塞,10,15,30,35,40,55,60,75,35,20,15,30
潜水配重块,8,13,28,33,38,53,58,73,33,18,13,28
登山冰镐,12,17,32,37,42,57,62,77,37,22,17,32
登山冰爪,15,20,35,40,45,60,65,80,40,25,20,35
露营折叠椅,10,15,30,35,40,55,60,75,35,20,15,30
露营折叠桌,8,13,28,33,38,53,58,73,33,18,13,28
钓鱼鱼钩,12,17,32,37,42,57,62,77,37,22,17,32
钓鱼鱼线,15,20,35,40,45,60,65,80,40,25,20,35
自行车水壶,10,15,30,35,40,55,60,75,35,20,15,30
自行车尾灯,8,13,28,33,38,53,58,73,33,18,13,28
健身阻力带,12,17,32,37,42,57,62,77,37,22,17,32
健身悬挂带,15,20,35,40,45,60,65,80,40,25,20,35
拳击跳绳,10,15,30,35,40,55,60,75,35,20,15,30
棒球打击训练器,8,13,28,33,38,53,58,73,33,18,13,28
足球训练反弹网,12,17,32,37,42,57,62,77,37,22,17,32
篮球投篮训练器,15,20,35,40,45,60,65,80,40,25,20,35
网球发球训练器,10,15,30,35,40,55,60,75,35,20,15,30
羽毛球发球机,8,13,28,33,38,53,58,73,33,18,13,28
乒乓球多球训练器,12,17,32,37,42,57,62,77,37,22,17,32
高尔夫挥杆分析仪,15,20,35,40,45,60,65,80,40,25,20,35
棒球投球训练器,10,15,30,35,40,55,60,75,35,20,15,30
橄榄球传球训练器,8,13,28,33,38,53,58,73,33,18,13,28
滑板训练斜坡,12,17,32,37,42,57,62,77,37,22,17,32
轮滑训练桩,15,20,35,40,45,60,65,80,40,25,20,35
滑雪训练平衡板,10,15,30,35,40,55,60,75,35,20,15,30
游泳训练呼吸管,8,13,28,33,38,53,58,73,33,18,13,28
潜水训练浮标,12,17,32,37,42,57,62,77,37,22,17,32
登山训练攀岩墙,15,20,35,40,45,60,65,80,40,25,20,35
露营训练帐篷,10,15,30,35,40,55,60,75,35,20,15,30
钓鱼训练浮标,8,13,28,33,38,53,58,73,33,18,13,28
自行车训练滚筒,12,17,32,37,42,57,62,77,37,22,17,32
健身训练沙袋背心,15,20,35,40,45,60,65,80,40,25,20,35
拳击训练反应靶,10,15,30,35,40,55,60,75,35,20,15,30
棒球训练击球网,8,13,28,33,38,53,58,73,33,18,13,28
足球训练射门网,12,17,32,37,42,57,62,77,37,22,17,32
篮球训练运球眼镜,15,20,35,40,45,60,65,80,40,25,20,35
网球训练反弹板,10,15,30,35,40,55,60,75,35,20,15,30
羽毛球训练发球器,8,13,28,33,38,53,58,73,33,18,13,28
乒乓球训练反弹板,12,17,32,37,42,57,62,77,37,22,17,32
高尔夫训练推杆垫,15,20,35,40,45,60,65,80,40,25,20,35
棒球训练接球网,10,15,30,35,40,55,60,75,35,20,15,30
橄榄球训练接球手套,8,13,28,33,38,53,58,73,33,18,13,28
滑板训练平衡垫,12,17,32,37,42,57,62,77,37,22,17,32
轮滑训练平衡板,15,20,35,40,45,60,65,80,40,25,20,35
滑雪训练平衡器,10,15,30,35,40,55,60,75,35,20,15,30
游泳训练划水板,8,13,28,33,38,53,58,73,33,18,13,28
潜水训练浮力带,12,17,32,37,42,57,62,77,37,22,17,32
登山训练攀岩鞋,15,20,35,40,45,60,65,80,40,25,20,35
露营训练折叠炉,10,15,30,35,40,55,60,75,35,20,15,30
钓鱼训练鱼竿架,8,13,28,33,38,53,58,73,33,18,13,28
自行车训练骑行台,12,17,32,37,42,57,62,77,37,22,17,32
健身训练悬挂架,15,20,35,40,45,60,65,80,40,25,20,35
奇多,70,75,90,95,100,115,120,135,95,80,75,90
金华火腿,50,55,70,75,80,95,100,115,65,50,45,60
薯片,40,45,60,65,70,85,90,105,65,50,45,60
巧克力,80,85,100,105,110,125,130,145,105,90,85,100
牛肉干,15,20,35,40,45,60,65,80,40,25,20,35
矿泉水,25,30,45,50,55,70,75,90,50,35,30,45
饼干,12,17,32,37,42,57,62,77,37,22,17,32
方便面,10,15,30,35,40,55,60,75,35,20,15,30
口香糖,8,13,28,33,38,53,58,73,33,18,13,28
酸奶,18,23,38,43,48,63,68,83,43,28,23,38
可乐,12,17,32,37,42,57,62,77,37,22,17,32
雪碧,15,20,35,40,45,60,65,80,40,25,20,35
花生,10,15,30,35,40,55,60,75,35,20,15,30
瓜子,8,13,28,33,38,53,58,73,33,18,13,28
奶茶,5,10,25,30,35,50,55,70,30,15,10,25
面包,7,12,27,32,37,52,57,72,32,17,12,27
糖果,15,20,35,40,45,60,65,80,40,25,20,35
果冻,10,15,30,35,40,55,60,75,35,20,15,30
鱿鱼丝,8,13,28,33,38,53,58,73,33,18,13,28
猪肉脯,25,30,45,50,55,70,75,90,50,35,30,45
绿茶,18,23,38,43,48,63,68,83,43,28,23,38
咖啡,12,17,32,37,42,57,62,77,37,22,17,32
果汁,15,20,35,40,45,60,65,80,40,25,20,35
牛奶,10,15,30,35,40,55,60,75,35,20,15,30
冰淇淋,8,13,28,33,38,53,58,73,33,18,13,28
火腿肠,12,17,32,37,42,57,62,77,37,22,17,32
蛋黄派,15,20,35,40,45,60,65,80,40,25,20,35
豆腐干,25,30,45,50,55,70,75,90,50,35,30,45
辣条,18,23,38,43,48,63,68,83,43,28,23,38
坚果,10,15,30,35,40,55,60,75,35,20,15,30
爆米花,8,13,28,33,38,53,58,73,33,18,13,28
燕麦,12,17,32,37,42,57,62,77,37,22,17,32
红枣,15,20,35,40,45,60,65,80,40,25,20,35
葡萄干,5,10,25,30,35,50,55,70,30,15,10,25
话梅,7,12,27,32,37,52,57,72,32,17,12,27
山楂片,15,20,35,40,45,60,65,80,40,25,20,35
威化饼,10,15,30,35,40,55,60,75,35,20,15,30
蛋卷,8,13,28,33,38,53,58,73,33,18,13,28
沙琪玛,12,17,32,37,42,57,62,77,37,22,17,32
曲奇,25,30,45,50,55,70,75,90,50,35,30,45
凤爪,18,23,38,43,48,63,68,83,43,28,23,38
鸭脖,12,15,25,18,8,16,12,14,24,18,25,40
鱼豆腐,10,12,20,15,6,14,10,12,20,15,22,35
海苔,8,10,15,12,5,12,8,10,18,12,20,30
芝士条,6,8,12,10,4,10,6,8,15,10,18,25
布丁,5,6,10,8,3,8,5,6,12,8,15,20
泡泡糖,4,5,8,6,2,6,4,5,10,6,12,18
棒棒糖,3,4,6,5,2,5,3,4,8,5,10,15
棉花糖,12,15,25,20,8,18,12,15,22,18,25,40
跳跳糖,18,20,35,25,10,22,15,18,30,22,32,50
薄荷糖,15,18,30,22,8,20,14,16,28,20,30,45
奶片,10,12,20,15,6,15,10,12,22,15,25,35
芝麻糊,8,10,15,12,5,12,8,10,18,12,20,30
藕粉,6,8,12,10,4,10,6,8,15,10,18,25
麦片,5,6,10,8,3,8,5,6,12,8,15,20
豆浆粉,15,18,30,22,8,20,14,16,28,20,30,45
核桃粉,20,25,40,30,10,25,18,20,35,25,40,60
杏仁露,12,15,25,18,6,18,12,15,22,18,25,35
凉茶,10,12,20,15,5,15,10,12,20,15,22,30
运动饮料,8,10,15,12,4,12,8,10,18,12,20,25
维生素水,6,8,12,10,3,10,6,8,15,10,18,20
椰子水,12,15,25,18,6,18,12,15,22,18,25,35
柠檬茶,10,12,20,15,5,15,10,12,20,15,22,30
乌龙茶,8,10,15,12,4,12,8,10,18,12,20,25
红茶,15,18,30,22,8,20,14,16,28,20,30,45
花茶,12,15,25,18,6,18,12,15,22,18,25,35
黑茶,10,12,20,15,5,15,10,12,20,15,22,30
白茶,8,10,15,12,4,12,8,10,18,12,20,25
普洱茶,6,8,12,10,3,10,6,8,15,10,18,20
大麦茶,5,6,10,8,2,8,5,6,12,8,15,18
姜茶,15,20,35,40,45,60,65,80,40,25,20,35
蜂蜜,10,15,30,35,40,55,60,75,35,20,15,30
蜂王浆,8,13,28,33,38,53,58,73,33,18,13,28
蜂胶,12,17,32,37,42,57,62,77,37,22,17,32
花粉,25,30,45,50,55,70,75,90,50,35,30,45
龟苓膏,18,23,38,43,48,63,68,83,43,28,23,38
凉粉,12,15,25,18,8,16,12,14,24,18,25,40
果酱,10,12,20,15,6,14,10,12,20,15,22,35
花生酱,8,10,15,12,5,12,8,10,18,12,20,30
芝麻酱,6,8,12,10,4,10,6,8,15,10,18,25
番茄酱,5,6,10,8,3,8,5,6,12,8,15,20
辣椒酱,4,5,8,6,2,6,4,5,10,6,12,18
豆瓣酱,3,4,6,5,2,5,3,4,8,5,10,15
沙拉酱,12,15,25,20,8,18,12,15,22,18,25,40
蛋黄酱,18,20,35,25,10,22,15,18,30,22,32,50
奶酪,15,18,30,22,8,20,14,16,28,20,30,45
黄油,10,12,20,15,6,15,10,12,22,15,25,35
奶油,8,10,15,12,5,12,8,10,18,12,20,30
炼乳,12,17,32,37,42,57,62,77,37,22,17,32
奶粉,15,20,35,40,45,60,65,80,40,25,20,35
豆奶粉,10,15,30,35,40,55,60,75,35,20,15,30
藕粉,8,13,28,33,38,53,58,73,33,18,13,28
玉米粉,12,17,32,37,42,57,62,77,37,22,17,32
糯米粉,15,20,35,40,45,60,65,80,40,25,20,35
淀粉,10,15,30,35,40,55,60,75,35,20,15,30
面包糠,8,13,28,33,38,53,58,73,33,18,13,28
酵母,12,17,32,37,42,57,62,77,37,22,17,32
泡打粉,15,20,35,40,45,60,65,80,40,25,20,35
小苏打,10,15,30,35,40,55,60,75,35,20,15,30
味精,8,13,28,33,38,53,58,73,33,18,13,28
鸡精,12,17,32,37,42,57,62,77,37,22,17,32
盐,15,20,35,40,45,60,65,80,40,25,20,35
糖,10,15,30,35,40,55,60,75,35,20,15,30
冰糖,8,13,28,33,38,53,58,73,33,18,13,28
红糖,12,17,32,37,42,57,62,77,37,22,17,32
白糖,15,20,35,40,45,60,65,80,40,25,20,35
方糖,10,15,30,35,40,55,60,75,35,20,15,30
麦芽糖,8,13,28,33,38,53,58,73,33,18,13,28
饴糖,12,17,32,37,42,57,62,77,37,22,17,32
巧克力酱,15,20,35,40,45,60,65,80,40,25,20,35
草莓酱,10,15,30,35,40,55,60,75,35,20,15,30
蓝莓酱,8,13,28,33,38,53,58,73,33,18,13,28
苹果酱,12,17,32,37,42,57,62,77,37,22,17,32
菠萝酱,25,30,45,50,55,70,75,90,50,35,30,45
芒果酱,18,23,38,43,48,63,68,83,43,28,23,38
椰子酱,12,15,25,18,8,16,12,14,24,18,25,40
榴莲酱,10,12,20,15,6,14,10,12,20,15,22,35
香蕉片,8,10,15,12,5,12,8,10,18,12,20,30
苹果干,6,8,12,10,4,10,6,8,15,10,18,25
芒果干,5,6,10,8,3,8,5,6,12,8,15,20
草莓干,4,5,8,6,2,6,4,5,10,6,12,18
蓝莓干,3,4,6,5,2,5,3,4,8,5,10,15
猕猴桃干,12,15,25,20,8,18,12,15,22,18,25,40
菠萝干,18,20,35,25,10,22,15,18,30,22,32,50
木瓜干,15,18,30,22,8,20,14,16,28,20,30,45
红薯干,10,12,20,15,5,15,10,12,20,15,22,30
芋头干,8,10,15,12,4,12,8,10,18,12,20,25
南瓜子,6,8,12,10,3,10,6,8,15,10,18,20
西瓜子,12,15,25,18,6,18,12,15,22,18,25,35
葵花子,10,12,20,15,5,15,10,12,20,15,22,30
松子,8,10,15,12,4,12,8,10,18,12,20,25
榛子,15,18,30,22,8,20,14,16,28,20,30,45
开心果,12,15,25,18,6,18,12,15,22,18,25,35
腰果,10,12,20,15,5,15,10,12,20,15,22,30
夏威夷果,8,10,15,12,4,12,8,10,18,12,20,25
碧根果,6,8,12,10,3,10,6,8,15,10,18,20
巴旦木,5,6,10,8,2,8,5,6,12,8,15,18
核桃,3,4,6,5,1,5,3,4,8,5,10,15
杏仁,12,15,25,18,6,18,12,15,22,18,25,35
板栗,10,12,20,15,5,15,10,12,20,15,22,30
莲子,8,10,15,12,4,12,8,10,18,12,20,25
百合,6,8,12,10,3,10,6,8,15,10,18,20
枸杞,5,6,10,8,2,8,5,6,12,8,15,18
桂圆干,4,5,8,6,2,6,4,5,10,6,12,15
荔枝干,3,4,6,5,1,5,3,4,8,5,10,12
无花果干,2,3,5,4,1,4,2,3,6,4,8,10
杏干,1,2,3,2,1,2,1,2,4,2,5,8
桃干,3,4,6,5,1,5,3,4,8,5,10,12
梨干,2,3,5,4,1,4,2,3,6,4,8,10
山楂卷,1,2,3,2,1,2,1,2,4,2,5,8
地瓜条,3,4,6,5,1,5,3,4,8,5,10,12
芋头条,2,3,5,4,1,4,2,3,6,4,8,10
玉米片,1,2,3,2,1,2,1,2,4,2,5,8
锅巴,3,4,6,5,1,5,3,4,8,5,10,12
虾条,2,3,5,4,1,4,2,3,6,4,8,10
鱼片,1,2,3,2,1,2,1,2,4,2,5,8
牛肉粒,3,4,6,5,1,5,3,4,8,5,10,12
猪肉粒,2,3,5,4,1,4,2,3,6,4,8,10
鸡肉丝,1,2,3,2,1,2,1,2,4,2,5,8
鸭肉干,3,4,6,5,1,5,3,4,8,5,10,12
鹅肝酱,2,3,5,4,1,4,2,3,6,4,8,10
鱼子酱,1,2,3,2,1,2,1,2,4,2,5,8
海参,3,4,6,5,1,5,3,4,8,5,10,12
鲍鱼,2,3,5,4,1,4,2,3,6,4,8,10
扇贝,1,2,3,2,1,2,1,2,4,2,5,8
虾皮,3,4,6,5,1,5,3,4,8,5,10,12
紫菜,2,3,5,4,1,4,2,3,6,4,8,10
海带,1,2,3,2,1,2,1,2,4,2,5,8
裙带菜,3,4,6,5,1,5,3,4,8,5,10,12
香菇,2,3,5,4,1,4,2,3,6,4,8,10
木耳,1,2,3,2,1,2,1,2,4,2,5,8
银耳,3,4,6,5,1,5,3,4,8,5,10,12
竹荪,2,3,5,4,1,4,2,3,6,4,8,10
猴头菇,1,2,3,2,1,2,1,2,4,2,5,8
松茸,3,4,6,5,1,5,3,4,8,5,10,12
牛肝菌,2,3,5,4,1,4,2,3,6,4,8,10
鸡枞菌,1,2,3,2,1,2,1,2,4,2,5,8
茶树菇,3,4,6,5,1,5,3,4,8,5,10,12
金针菇,2,3,5,4,1,4,2,3,6,4,8,10
平菇,1,2,3,2,1,2,1,2,4,2,5,8
杏鲍菇,3,4,6,5,1,5,3,4,8,5,10,12
草菇,2,3,5,4,1,4,2,3,6,4,8,10
滑子菇,1,2,3,2,1,2,1,2,4,2,5,8
口蘑,3,4,6,5,1,5,3,4,8,5,10,12
羊肚菌,2,3,5,4,1,4,2,3,6,4,8,10
灵芝,1,2,3,2,1,2,1,2,4,2,5,8
虫草,3,4,6,5,1,5,3,4,8,5,10,12
人参,2,3,5,4,1,4,2,3,6,4,8,10
西洋参,1,2,3,2,1,2,1,2,4,2,5,8
三七,3,4,6,5,1,5,3,4,8,5,10,12
黄芪,2,3,5,4,1,4,2,3,6,4,8,10
当归,1,2,3,2,1,2,1,2,4,2,5,8
枸杞子,3,4,6,5,1,5,3,4,8,5,10,12
红枣,2,3,5,4,1,4,2,3,6,4,8,10
桂圆,3,4,6,5,1,5,3,4,8,5,10,12
莲子,2,3,5,4,1,4,2,3,6,4,8,10
百合,1,2,3,2,1,2,1,2,4,2,5,8
银耳,3,4,6,5,1,5,3,4,8,5,10,12
黑芝麻,2,3,5,4,1,4,2,3,6,4,8,10
白芝麻,1,2,3,2,1,2,1,2,4,2,5,8
花生,3,4,6,5,1,5,3,4,8,5,10,12
核桃,2,3,5,4,1,4,2,3,6,4,8,10
杏仁,10,15,30,36,40,55,60,76,32,22,15,30
腰果,5,8,12,15,20,25,30,35,18,10,7,12
开心果,20,25,40,45,50,65,70,85,45,30,25,40
松子,50,55,70,75,80,95,100,115,65,50,45,60
榛子,15,20,35,40,45,60,65,80,40,25,20,35
夏威夷果,12,18,32,38,42,57,62,78,35,20,18,32
碧根果,25,30,45,50,55,70,75,90,50,35,30,45
巴旦木,18,23,38,43,48,63,68,83,43,28,23,38
南瓜子,30,35,50,55,60,75,80,95,55,40,35,50
西瓜子,8,13,28,33,38,53,58,73,33,18,13,28
葵花子,22,27,42,47,52,67,72,87,47,32,27,42
葡萄干,40,45,60,65,70,85,90,105,65,50,45,60
蔓越莓干,3,4,6,5,1,5,3,4,8,5,10,12
蓝莓干,2,3,5,4,1,4,2,3,6,4,8,10
草莓干,1,2,3,2,1,2,1,2,4,2,5,8
芒果干,3,4,6,5,1,5,3,4,8,5,10,12
菠萝干,2,3,5,4,1,4,2,3,6,4,8,10
香蕉片,1,2,3,2,1,2,1,2,4,2,5,8
苹果干,3,4,6,5,1,5,3,4,8,5,10,12
猕猴桃干,2,3,5,4,1,4,2,3,6,4,8,10
木瓜干,10,15,30,36,40,55,60,76,32,22,15,30
红薯干,5,8,12,15,20,25,30,35,18,10,7,12
芋头干,20,25,40,45,50,65,70,85,45,30,25,40
地瓜条,50,55,70,75,80,95,100,115,65,50,45,60
芋头条,15,20,35,40,45,60,65,80,40,25,20,35
玉米片,12,18,32,38,42,57,62,78,35,20,18,32
锅巴,25,30,45,50,55,70,75,90,50,35,30,45
虾条,18,23,38,43,48,63,68,83,43,28,23,38
鱼片,30,35,50,55,60,75,80,95,55,40,35,50
牛肉粒,8,13,28,33,38,53,58,73,33,18,13,28
猪肉粒,22,27,42,47,52,67,72,87,47,32,27,42
鸡肉丝,40,45,60,65,70,85,90,105,65,50,45,60
鸭肉干,25,30,45,50,55,70,75,90,50,35,30,45
鹅肝酱,18,23,38,43,48,63,68,83,43,28,23,38
鱼子酱,30,35,50,55,60,75,80,95,55,40,35,50
海参,8,13,28,33,38,53,58,73,33,18,13,28
鲍鱼,22,27,42,47,52,67,72,87,47,32,27,42
扇贝,40,45,60,65,70,85,90,105,65,50,45,60
虾皮,3,4,6,5,1,5,3,4,8,5,10,12
紫菜,2,3,5,4,1,4,2,3,6,4,8,10
海带,1,2,3,2,1,2,1,2,4,2,5,8
裙带菜,3,4,6,5,1,5,3,4,8,5,10,12
香菇,2,3,5,4,1,4,2,3,6,4,8,10
木耳,1,2,3,2,1,2,1,2,4,2,5,8
银耳,3,4,6,5,1,5,3,4,8,5,10,12
竹荪,40,45,60,65,70,85,90,105,65,50,45,60
猴头菇,80,85,100,105,110,125,130,145,105,90,85,100
松茸,15,20,35,40,45,60,65,80,40,25,20,35
牛肝菌,25,30,45,50,55,70,75,90,50,35,30,45
鸡枞菌,12,17,32,37,42,57,62,77,37,22,17,32
茶树菇,10,15,30,35,40,55,60,75,35,20,15,30
金针菇,8,13,28,33,38,53,58,73,33,18,13,28
平菇,18,23,38,43,48,63,68,83,43,28,23,38
杏鲍菇,12,17,32,37,42,57,62,77,37,22,17,32
草菇,15,20,35,40,45,60,65,80,40,25,20,35
滑子菇,10,15,30,35,40,55,60,75,35,20,15,30
口蘑,8,13,28,33,38,53,58,73,33,18,13,28
羊肚菌,5,10,25,30,35,50,55,70,30,15,10,25
灵芝,7,12,27,32,37,52,57,72,32,17,12,27
虫草,15,20,35,40,45,60,65,80,40,25,20,35
人参,10,15,30,35,40,55,60,75,35,20,15,30
西洋参,8,13,28,33,38,53,58,73,33,18,13,28
三七,25,30,45,50,55,70,75,90,50,35,30,45
黄芪,18,23,38,43,48,63,68,83,43,28,23,38
当归,12,17,32,37,42,57,62,77,37,22,17,32
枸杞子,15,20,35,40,45,60,65,80,40,25,20,35
红枣,10,15,30,35,40,55,60,75,35,20,15,30
桂圆,8,13,28,33,38,53,58,73,33,18,13,28
莲子,12,17,32,37,42,57,62,77,37,22,17,32
百合,15,20,35,40,45,60,65,80,40,25,20,35
银耳,25,30,45,50,55,70,75,90,50,35,30,45
黑芝麻,18,23,38,43,48,63,68,83,43,28,23,38
白芝麻,10,15,30,35,40,55,60,75,35,20,15,30
花生,8,13,28,33,38,53,58,73,33,18,13,28
核桃,12,17,32,37,42,57,62,77,37,22,17,32
杏仁,15,20,35,40,45,60,65,80,40,25,20,35
腰果,5,10,25,30,35,50,55,70,30,15,10,25
开心果,7,12,27,32,37,52,57,72,32,17,12,27
松子,15,20,35,40,45,60,65,80,40,25,20,35
榛子,10,15,30,35,40,55,60,75,35,20,15,30
夏威夷果,8,13,28,33,38,53,58,73,33,18,13,28
碧根果,25,30,45,50,55,70,75,90,50,35,30,45
巴旦木,18,23,38,43,48,63,68,83,43,28,23,38
南瓜子,30,35,50,55,60,75,80,95,55,40,35,50
西瓜子,8,13,28,33,38,53,58,73,33,18,13,28
葵花子,22,27,42,47,52,67,72,87,47,32,27,42
葡萄干,40,45,60,65,70,85,90,105,65,50,45,60
蔓越莓干,25,30,45,50,55,70,75,90,50,35,30,45
蓝莓干,18,23,38,43,48,63,68,83,43,28,23,38
草莓干,30,35,50,55,60,75,80,95,55,40,35,50
芒果干,8,13,28,33,38,53,58,73,33,18,13,28
菠萝干,22,27,42,47,52,67,72,87,47,32,27,42
香蕉片,40,45,60,65,70,85,90,105,65,50,45,60
苹果干,3,4,6,5,1,5,3,4,8,5,10,12
猕猴桃干,2,3,5,4,1,4,2,3,6,4,8,10
木瓜干,1,2,3,2,1,2,1,2,4,2,5,8
红薯干,3,4,6,5,1,5,3,4,8,5,10,12
芋头干,2,3,5,4,1,4,2,3,6,4,8,10
青花瓷韵,1,2,2,1,1,1,2,2,2,3,3,4
檀木雕花,1,1,1,1,0,1,1,1,1,1,2,2
景泰蓝书签,2,2,3,2,1,2,2,3,3,4,4,5
漆器流光,1,1,1,1,1,1,1,1,2,2,2,3
苏绣屏风,0,0,1,1,0,0,0,1,1,1,1,1
汝窑茶具,2,1,2,1,1,1,2,2,2,3,3,3
苗银手镯,3,2,3,2,2,3,3,3,4,4,5,5
敦煌飞天壁画,1,1,1,1,0,1,1,1,1,2,2,2
紫砂壶·禅意,1,1,2,1,1,1,1,2,2,2,3,3
竹编茶席,2,2,2,1,1,2,2,2,3,3,3,4
松风石砚,0,1,1,1,0,1,1,1,1,1,1,1
苔玉微景,3,3,4,2,2,3,3,4,4,5,5,6
枯山水沙盘,1,1,1,1,0,1,1,1,1,2,2,2
银杏叶书签,2,2,3,2,1,2,2,3,3,4,4,4
海浪纹琉璃,1,1,1,1,1,1,1,1,2,2,2,3
雪山木雕,1,1,1,0,0,1,1,1,1,1,2,2
萤火夜灯,4,3,4,3,2,4,4,4,5,5,6,6
麦秆画·丰收,1,1,2,1,1,1,1,2,2,2,3,3
贝壳风铃,3,3,3,2,2,3,3,3,4,4,5,5
火山岩香插,1,1,1,1,1,1,1,1,1,2,2,2
鹤舞铜摆件,1,1,2,1,1,1,1,2,2,2,2,3
锦鲤瓷盘,2,2,2,1,1,2,2,2,3,3,3,4
熊猫竹刻,3,2,3,2,2,2,3,3,4,4,4,5
孔雀羽嵌画,1,1,1,1,1,1,1,1,2,2,2,3
蜗牛木雕,1,1,1,1,0,1,1,1,1,2,2,2
鹿角烛台,1,2,2,1,1,1,2,2,2,3,3,3
蜻蜓玻璃镇纸,2,2,3,2,1,2,2,3,3,3,4,4
鲸鱼陶艺,1,1,1,1,1,1,1,1,2,2,2,3
蝴蝶刺绣团扇,3,3,4,2,2,3,3,4,4,5,5,6
猫头鹰夜灯,2,2,2,1,1,2,2,2,2,3,3,4
中秋玉兔灯,1,1,5,1,0,1,0,1,6,1,1,2
端午艾草香囊,1,5,1,1,0,1,1,1,2,1,1,2
春节剪纸福字,1,2,6,1,1,1,1,1,2,1,2,3
圣诞胡桃夹子,1,1,1,1,0,1,1,1,2,1,1,4
元宵走马灯,0,1,2,0,0,1,0,1,2,1,1,3
重阳茱萸簪,1,1,1,1,0,1,1,1,2,1,1,2
冬至暖炉套,1,1,1,0,0,1,1,1,1,1,1,2
七夕鹊桥雕,1,1,4,1,0,1,1,1,3,1,1,2
复活节彩蛋画,0,1,3,0,0,0,0,0,2,1,1,2
万圣南瓜烛台,1,1,3,0,0,1,0,1,3,1,1,2
云纹壁挂,1,2,2,1,1,1,2,2,2,3,3,3
几何铜艺,1,1,1,1,1,1,1,1,2,2,2,3
麻布扎染画,2,2,2,1,1,2,2,2,3,3,3,4
水泥多肉盆,3,2,3,2,2,2,3,3,4,4,4,5
藤编吊篮,2,2,2,1,1,2,2,2,2,3,3,4
马赛克镜框,2,2,3,2,1,2,2,3,3,3,4,4
铁艺月球灯,3,3,4,2,2,3,3,4,4,5,5,6
羊毛毡挂毯,1,1,2,1,1,1,1,2,2,2,2,3
复古黄铜铃,1,1,1,1,1,1,1,1,1,2,2,2
亚克力极光画,2,2,2,1,1,2,2,2,3,3,3,4
微雕四合院,2,3,4,3,1,2,2,2,3,3,4,5
拇指茶具组,2,2,3,2,1,2,1,2,3,2,3,5
袖珍樱花树,1,2,3,2,1,2,1,1,2,2,3,4
核桃舟雕刻,1,1,2,2,1,1,1,1,2,2,2,4
火柴盒剧场,1,1,2,1,1,1,1,1,2,1,2,3
黏土小吃摊,1,1,1,1,0,1,1,1,2,1,2,3
书页城堡,1,1,1,1,0,1,1,1,1,1,2,2
瓶内帆船,0,1,1,1,0,1,0,1,1,1,1,2
纽扣盆栽,0,0,1,1,0,1,0,0,1,1,1,2
硬币浮雕,1,2,3,2,1,2,1,2,2,2,3,4
混沌之舞雕塑,2,2,4,3,1,2,2,2,3,2,3,5
金属流体画,2,2,3,2,1,2,1,2,3,2,3,5
几何裂变陶器,1,1,2,2,1,2,1,1,2,2,3,4
色彩渐变丝巾,1,1,2,1,1,1,1,1,2,1,2,3
扭曲时光钟表,1,1,1,1,0,1,1,1,2,1,2,3
光影折叠纸艺,1,1,1,1,0,1,1,1,1,1,2,2
无序编织挂饰,2,2,3,2,1,2,1,2,3,2,3,5
泼釉陶瓷碗,2,3,4,3,1,3,2,2,4,3,4,6
解构主义烛台,1,2,3,2,1,2,1,2,2,2,3,4
分子链吊坠,1,1,2,2,1,2,1,1,2,2,2,3
书形首饰盒,1,1,2,1,0,1,1,1,2,1,2,3
叶脉笔记本,1,1,1,1,0,1,1,1,2,1,2,2
Morse密码杯,1,2,3,2,1,2,1,2,2,2,3,4
温度感应杯垫,1,1,2,2,1,2,1,1,2,2,2,3
可种铅笔,1,1,2,1,0,1,1,1,2,1,2,3
磁悬浮笔架,2,2,3,2,1,2,1,2,3,2,3,5
咖啡渣盆栽,1,2,3,2,1,2,1,2,2,2,3,4
太阳能风铃,1,1,2,2,1,2,1,1,2,2,2,3
夜光星座图,1,1,2,1,0,1,1,1,2,1,2,3
指纹印章戒,1,1,1,1,0,1,1,1,2,1,2,2
青花缠枝莲纹瓶,1,1,1,1,0,1,1,1,1,1,2,2
釉里红梅瓶,0,0,1,1,0,1,0,0,1,1,1,2
冰裂纹茶具套装,1,2,3,2,1,2,1,2,2,2,3,4
珐琅彩描金咖啡杯,1,1,2,2,1,2,1,1,2,2,2,3
柴烧粗陶花器,1,1,2,1,0,1,1,1,2,1,2,3
仿宋汝窑天青盏,1,1,1,1,0,1,1,1,2,1,2,2
唐三彩马摆件,1,1,1,1,0,1,1,1,1,1,2,2
德化白瓷观音像,0,1,1,1,0,1,0,1,1,1,1,2
手工捏塑陶泥碗,0,0,1,1,0,1,0,0,1,1,1,1
日式侘寂灰釉盘,0,0,1,0,0,0,0,0,1,0,1,1
沉香木雕关公像,0,0,0,0,0,0,0,0,0,0,1,1
黄花梨笔筒·山水刻,0,0,1,1,0,1,0,0,1,1,1,1
紫檀螭龙纹首饰盒,0,0,1,0,0,0,0,0,1,0,1,1
橄榄核雕八仙过海,0,0,0,0,0,0,0,0,0,0,1,1
竹编六角收纳篮,0,0,1,1,0,1,0,0,1,1,1,1
榫卯结构鲁班锁,0,0,1,0,0,0,0,0,1,0,1,1
胡桃木猫咪镇纸,0,0,0,0,0,0,0,0,0,0,1,1
樟木驱虫书签,0,0,1,1,0,1,0,0,1,1,1,1
缅甸花梨茶则,0,0,1,0,0,0,0,0,1,0,1,1
竹根雕达摩摆件,0,0,0,0,0,0,0,0,0,0,1,1
黄铜生肖钥匙扣,0,0,1,1,0,1,0,0,1,1,1,1
纯银錾刻茶滤,0,0,1,0,0,0,0,0,1,0,1,1
铁艺蒲公英壁饰,0,0,0,0,0,0,0,0,0,0,1,1
不锈钢极简花瓶,0,0,1,1,0,1,0,0,1,1,1,1
锡制茶叶罐·梅兰竹菊,0,0,1,0,0,0,0,0,1,0,1,1
青铜仿古爵杯,0,0,0,0,0,0,0,0,0,0,1,1
铝丝编织月球灯,0,0,1,1,0,1,0,0,1,1,1,1
鎏金莲花香插,0,0,1,0,0,0,0,0,1,0,1,1
手工锻打铜壶,0,0,0,0,0,0,0,0,0,0,1,1
钛钢羽毛书签,0,0,1,1,0,1,0,0,1,1,1,1
苏绣双面猫团扇,0,0,1,0,0,0,0,0,1,0,1,1
蓝染布老虎玩偶,0,0,0,0,0,0,0,0,0,0,1,1
缂丝荷花手拿包,0,0,1,1,0,1,0,0,1,1,1,1
侗族马尾绣挂画,0,0,1,0,0,0,0,0,1,0,1,1
拼布几何抱枕,0,0,0,0,0,0,0,0,0,0,1,1
蜀锦熊猫图案围巾,0,0,1,1,0,1,0,0,1,1,1,1
蜡染扎染桌旗,0,0,1,0,0,0,0,0,1,0,1,1
羊毛毡柴犬杯垫,0,0,0,0,0,0,0,0,0,0,1,1
雷州珠绣胸针,0,0,1,1,0,1,0,0,1,1,1,1
湘绣孔雀屏风,0,0,1,0,0,0,0,0,1,0,1,1
彩色镶嵌玻璃烛台,0,0,0,0,0,0,0,0,0,0,1,1
吹制玻璃海浪摆件,0,0,1,1,0,1,0,0,1,1,1,1
琉璃内画鼻烟壶,0,0,1,0,0,0,0,0,1,0,1,1
穆拉诺玻璃项链,0,0,0,0,0,0,0,0,0,0,1,1
流沙玻璃镇纸,0,0,1,1,0,1,0,0,1,1,1,1
冰花玻璃果盘,0,0,1,0,0,0,0,0,1,0,1,1
星空渐变花瓶,0,0,0,0,0,0,0,0,0,0,1,1
热熔玻璃抽象雕塑,0,0,1,1,0,1,0,0,1,1,1,1
仿玉琉璃白菜,0,0,1,0,0,0,0,0,1,0,1,1
玻璃微缩花园,0,0,0,0,0,0,0,0,0,0,1,1
激光雕刻纸雕灯,0,0,1,1,0,1,0,0,1,1,1,1
立体衍纸贺卡,0,0,1,0,0,0,0,0,1,0,1,1
陕北剪纸窗花·福禄寿,0,0,0,0,0,0,0,0,0,0,1,1
和纸折扇·浮世绘,0,0,1,1,0,1,0,0,1,1,1,1
纸浆模塑动物面具,0,0,1,0,0,0,0,0,1,0,1,1
镂空书法书签,0,0,0,0,0,0,0,0,0,0,1,1
3D立体建筑纸模,0,0,1,1,0,1,0,0,1,1,1,1
宣纸烫金灯笼,0,0,1,0,0,0,0,0,1,0,1,1
撕纸画·江南水乡,0,0,0,0,0,0,0,0,0,0,1,1
纸藤编织收纳盒,0,0,1,1,0,1,0,0,1,1,1,1
寿山石貔貅印章,0,0,1,0,0,0,0,0,1,0,1,1
和田玉平安扣,0,0,0,0,0,0,0,0,0,0,1,1
青田石雕山水,0,0,1,1,0,1,0,0,1,1,1,1
玛瑙俏色雕金鱼,0,0,1,0,0,0,0,0,1,0,1,1
汉白玉莲台笔架,0,0,0,0,0,0,0,0,0,0,1,1
绿松石镶嵌手镯,0,0,1,1,0,1,0,0,1,1,1,1
端砚·松鹤延年,0,0,1,0,0,0,0,0,1,0,1,1
雨花石自然摆件,0,0,0,0,0,0,0,0,0,0,1,1
岫玉雕白菜,0,0,1,1,0,1,0,0,1,1,1,1
水晶洞能量座,0,0,1,0,0,0,0,0,1,0,1,1
端午五毒香囊,1,2,3,4,4,6,6,8,3,2,2,3
中秋兔儿爷泥塑,1,1,1,2,2,3,3,4,2,1,1,1
春节手写木版年画,2,3,4,5,5,7,7,9,5,3,3,4
元宵走马灯·西游记,5,6,7,8,8,10,10,12,7,5,5,6
苗族银饰端午扣,2,2,4,4,5,6,7,8,4,3,2,4
重阳茱萸布艺挂件,1,2,3,4,4,6,6,8,4,2,2,3
冬至手工饺子模具,3,3,5,5,6,7,8,9,5,4,3,5
七夕刺绣荷包,2,2,4,4,5,6,7,8,4,3,2,4
藏历新年铜制供碗,3,4,5,6,6,8,8,10,6,4,4,5
万圣节南瓜玻璃罐,1,1,3,3,4,5,6,7,3,2,1,3
可旋转黄铜地球仪,2,3,4,5,5,7,7,9,5,3,3,4
磁吸悬浮盆景,4,5,6,7,7,9,9,11,7,5,5,6
温度变色咖啡杯,2,2,4,4,5,6,7,8,4,3,2,4
竹制USB小风扇,6,7,8,9,9,11,11,13,9,7,7,8
书页折叠台灯,4,4,6,6,7,8,9,10,6,5,4,6
活字印刷姓名章,3,3,5,5,6,7,8,9,5,4,3,5
太阳能木质音乐盒,3,3,5,5,6,7,8,9,5,4,3,5
苔藓生态玻璃罐,2,3,4,5,5,7,7,9,5,3,3,4
指纹定制婚戒,5,5,7,7,8,9,10,11,7,6,5,7
咖啡渣再生蜡烛,3,4,5,6,6,8,8,10,6,4,4,5
松果铜丝吊灯,4,5,6,7,7,9,9,11,7,5,5,6
银杏叶滴胶杯垫,7,8,9,10,10,12,12,14,10,8,8,9
浮游花永生花瓶,3,3,5,5,6,7,8,9,5,4,3,5
椰子壳雕刻碗,1,2,3,4,4,6,6,8,4,2,2,3
树枝衣帽挂钩,6,6,8,8,9,10,11,12,8,7,6,8
压花琥珀项链,4,4,6,6,7,8,9,10,6,5,4,6
竹节多肉花盆,2,3,4,5,5,7,7,9,5,3,3,4
枫叶拓印画,2,2,4,4,5,6,7,8,4,3,2,4
橡果木质纽扣,1,1,3,3,4,5,6,7,3,2,1,3
珊瑚石小夜灯,1,2,3,4,4,6,6,8,4,2,2,3
恐龙化石考古套装,2,2,4,4,5,6,7,8,4,3,2,4
彩虹沙画瓶,3,3,5,5,6,7,8,9,5,4,3,5
黏土迷你食物,1,2,3,4,4,6,6,8,4,2,2,3
手指编织围巾,2,3,4,5,5,7,7,9,5,3,3,4
木质拼图机器人,1,1,3,3,4,5,6,7,3,2,1,3
蜡笔小新存钱罐,1,1,3,3,4,5,6,7,3,2,1,3
泡泡吹画工具包,2,2,4,4,5,6,7,8,4,3,2,4
卡通橡皮章DIY,2,2,4,4,5,6,7,8,4,3,2,4
魔法水晶生长树,1,2,3,4,4,6,6,8,4,2,2,3
纸板城堡模型,1,1,3,3,4,5,6,7,3,2,1,3
不锈钢扭曲人脸雕塑,1,2,3,4,4,6,6,8,4,2,2,3
亚克力色彩叠加画,2,2,4,4,5,6,7,8,4,3,2,4
陶土裂变纹理碗,1,2,3,4,4,6,6,8,4,2,2,3
流体熊涂鸦摆件,1,1,3,3,4,5,6,7,3,2,1,3
几何金属风铃,1,2,3,4,4,6,6,8,4,2,2,3
光影切割纸艺,2,2,4,4,5,6,7,8,4,3,2,4
水泥浇筑戒指,1,2,3,4,4,6,6,8,4,2,2,3
数字像素挂毯,1,1,3,3,4,5,6,7,3,2,1,3
环氧树脂银河盘,1,2,3,4,4,6,6,8,4,2,2,3
解构主义陶瓷壶,2,2,4,4,5,6,7,8,4,3,2,4
老唱片机模型,1,2,3,4,4,6,6,8,4,2,2,3
煤油灯造型USB灯,1,1,3,3,4,5,6,7,3,2,1,3
复古打字机书签,1,2,3,4,4,6,6,8,4,2,2,3
搪瓷缸·工农标语,2,2,4,4,5,6,7,8,4,3,2,4
铜制怀表项链,1,2,3,4,4,6,6,8,4,2,2,3
仿古羊皮地图,1,1,3,3,4,5,6,7,3,2,1,3
铁皮发条玩具,1,2,3,4,4,6,6,8,4,2,2,3
民国旗袍扣胸针,2,2,4,4,5,6,7,8,4,3,2,4
老式电话线支架,1,2,3,4,4,6,6,8,4,2,2,3
蒸汽朋克齿轮镜,1,1,3,3,4,5,6,7,3,2,1,3
紫檀佛珠手串,1,2,3,4,4,6,6,8,4,2,2,3
铜制转经筒,2,2,4,4,5,6,7,8,4,3,2,4
莲花铜磬,1,2,3,4,4,6,6,8,4,2,2,3
达摩面壁木雕,1,1,3,3,4,5,6,7,3,2,1,3
心经刻字银牌,1,2,3,4,4,6,6,8,4,2,2,3
禅意枯山水沙盘,2,2,4,4,5,6,7,8,4,3,2,4
黄杨木观音像,1,2,3,4,4,6,6,8,4,2,2,3
藏式玛尼石,1,1,3,3,4,5,6,7,3,2,1,3
八卦铜镜挂饰,1,2,3,4,4,6,6,8,4,2,2,3
莲花铜香炉,2,2,4,4,5,6,7,8,4,3,2,4
鹦鹉螺壳台灯,1,2,3,4,4,6,6,8,4,2,2,3
砗磲雕刻摆件,1,1,3,3,4,5,6,7,3,2,1,3
海星树脂标本,1,2,3,4,4,6,6,8,4,2,2,3
沙画漂流瓶,2,2,4,4,5,6,7,8,4,3,2,4
鲸鱼骨雕吊坠,1,2,3,4,4,6,6,8,4,2,2,3
珊瑚枝笔架,4,4,6,6,7,8,9,10,6,5,4,6
贝壳拼贴画,3,3,5,5,6,7,8,9,5,4,3,5
海玻璃风铃,3,3,5,5,6,7,8,9,5,4,3,5
珍珠母贝首饰盒,2,3,4,5,5,7,7,9,5,3,3,4
沉船木相框,5,5,7,7,8,9,10,11,7,6,5,7
3D打印镂空灯罩,3,4,5,6,6,8,8,10,6,4,4,5
AR互动陶瓷盘,4,5,6,7,7,9,9,11,7,5,5,6
导电墨水涂鸦卡,7,8,9,10,10,12,12,14,10,8,8,9
智能温感茶壶,3,3,5,5,6,7,8,9,5,4,3,5
激光雕刻木制U盘,1,2,3,4,4,6,6,8,4,2,2,3
磁悬浮月球仪,6,6,8,8,9,10,11,12,8,7,6,8
太阳能雕刻机,4,4,6,6,7,8,9,10,6,5,4,6
纳米镀金书签,2,3,4,5,5,7,7,9,5,3,3,4
可编程LED屏画,2,2,4,4,5,6,7,8,4,3,2,4
石墨烯加热杯垫,1,1,3,3,4,5,6,7,3,2,1,3
核桃雕·核舟记,1,2,3,4,4,6,6,8,4,2,2,3
米粒微刻诗词,2,2,4,4,5,6,7,8,4,3,2,4
火柴盒剧场模型,3,3,5,5,6,7,8,9,5,4,3,5
袖珍黏土早餐,1,2,3,4,4,6,6,8,4,2,2,3
指甲盖肖像画,2,3,4,5,5,7,7,9,5,3,3,4
硬币浮雕生肖,1,1,3,3,4,5,6,7,3,2,1,3
玻璃瓶内盆景,1,1,3,3,4,5,6,7,3,2,1,3
铅笔芯雕刻塔,2,2,4,4,5,6,7,8,4,3,2,4
邮票尺寸水彩,2,2,4,4,5,6,7,8,4,3,2,4
蚂蚁工坊沙盘,1,2,3,4,4,6,6,8,4,2,2,3
轮胎回收雕塑,1,1,3,3,4,5,6,7,3,2,1,3
废铁拼贴机器人,1,2,3,4,4,6,6,8,4,2,2,3
旧报纸编织篮,2,2,4,4,5,6,7,8,4,3,2,4
电路板艺术画,1,2,3,4,4,6,6,8,4,2,2,3
塑料瓶再生花瓶,1,1,3,3,4,5,6,7,3,2,1,3
牛仔布拼图地毯,1,2,3,4,4,6,6,8,4,2,2,3
红酒软木留言板,2,2,4,4,5,6,7,8,4,3,2,4
自行车链烛台,1,2,3,4,4,6,6,8,4,2,2,3
光盘马赛克镜,1,1,3,3,4,5,6,7,3,2,1,3
电子元件昆虫,1,2,3,4,4,6,6,8,4,2,2,3
景泰蓝珐琅耳坠,2,2,4,4,5,6,7,8,4,3,2,4
漆器雕花发簪,1,2,3,4,4,6,6,8,4,2,2,3
刺绣真丝领带,1,1,3,3,4,5,6,7,3,2,1,3
陨石纹陶瓷戒,1,2,3,4,4,6,6,8,4,2,2,3
竹编遮阳帽,2,2,4,4,5,6,7,8,4,3,2,4
皮雕图腾手环,1,2,3,4,4,6,6,8,4,2,2,3
银丝嵌玉项圈,1,1,3,3,4,5,6,7,3,2,1,3
扎染亚麻围巾,1,2,3,4,4,6,6,8,4,2,2,3
骨雕民族耳环,2,2,4,4,5,6,7,8,4,3,2,4
琉璃渐变发夹,1,2,3,4,4,6,6,8,4,2,2,3
《山海经》饕餮杯,1,1,3,3,4,5,6,7,3,2,1,3
哈利波特魔杖笔,1,2,3,4,4,6,6,8,4,2,2,3
故宫猫文创摆件,2,2,4,4,5,6,7,8,4,3,2,4
漫威金属浮雕画,1,2,3,4,4,6,6,8,4,2,2,3
敦煌飞天丝巾,1,1,3,3,4,5,6,7,3,2,1,3
精灵宝可梦陶偶,1,2,3,4,4,6,6,8,4,2,2,3
星际穿越陨石座,2,2,4,4,5,6,7,8,4,3,2,4
权游铁王座模型,1,2,3,4,4,6,6,8,4,2,2,3
阴阳师达摩扭蛋,1,1,3,3,4,5,6,7,3,2,1,3
赛博朋克机械蝶,1,2,3,4,4,6,6,8,4,2,2,3
